{"cameraMode":{"drawMode":0,"name":"Shaded","section":"Shading Mode"},"sceneLighting":true,"audioPlay":false,"sceneViewState":{"showFog":true,"showMaterialUpdate":false,"showSkybox":true,"showFlares":true,"showImageEffects":true,"showParticleSystems":true},"in2DMode":false,"pivot":{"x":2.3832008838653566,"y":-1.5121519565582276,"z":0.19302856922149659},"rotation":{"x":-0.133986234664917,"y":0.8304603695869446,"z":-0.2265414446592331,"w":-0.4910677373409271},"size":8.501006126403809,"orthographic":false}